Model,Test Row Index,Subject ID,True Class,Predicted Class,SVM score true,SVM score predicted
k-NN,6,16,STANDING,SITTING,,
k-NN,10,16,STANDING,SITTING,,
k-NN,12,16,STANDING,SITTING,,
k-NN,37,16,SITTING,STANDING,,
k-NN,38,16,SITTING,STANDING,,
k-NN,39,16,SITTING,STANDING,,
k-NN,41,16,SITTING,STANDING,,
k-NN,42,16,SITTING,STANDING,,
k-NN,45,16,SITTING,STANDING,,
k-NN,48,16,SITTING,STANDING,,
k-NN,54,16,SITTING,STANDING,,
k-NN,55,16,SITTING,STANDING,,
k-NN,56,16,SITTING,STANDING,,
k-NN,58,16,SITTING,STANDING,,
k-NN,60,16,SITTING,STANDING,,
k-NN,62,16,SITTING,STANDING,,
k-NN,65,16,SITTING,STANDING,,
k-NN,102,16,WALKING,WALKING_UPSTAIRS,,
k-NN,114,16,WALKING,WALKING_UPSTAIRS,,
k-NN,179,16,STANDING,SITTING,,
k-NN,181,16,STANDING,SITTING,,
k-NN,182,16,STANDING,SITTING,,
k-NN,183,16,STANDING,SITTING,,
k-NN,184,16,STANDING,SITTING,,
k-NN,185,16,STANDING,SITTING,,
k-NN,190,16,STANDING,SITTING,,
k-NN,196,16,STANDING,SITTING,,
k-NN,197,16,STANDING,SITTING,,
k-NN,198,16,STANDING,SITTING,,
k-NN,199,16,STANDING,SITTING,,
k-NN,200,16,STANDING,SITTING,,
k-NN,201,16,STANDING,SITTING,,
k-NN,202,16,STANDING,SITTING,,
k-NN,203,16,STANDING,SITTING,,
k-NN,205,16,STANDING,SITTING,,
k-NN,206,16,STANDING,SITTING,,
k-NN,210,16,STANDING,SITTING,,
k-NN,215,16,STANDING,SITTING,,
k-NN,218,16,STANDING,SITTING,,
k-NN,219,16,STANDING,SITTING,,
k-NN,220,16,STANDING,SITTING,,
k-NN,221,16,SITTING,STANDING,,
k-NN,222,16,SITTING,STANDING,,
k-NN,226,16,SITTING,STANDING,,
k-NN,227,16,SITTING,STANDING,,
k-NN,238,16,SITTING,STANDING,,
k-NN,249,16,SITTING,STANDING,,
k-NN,250,16,SITTING,STANDING,,
k-NN,260,16,LAYING,SITTING,,
k-NN,261,16,LAYING,SITTING,,
k-NN,262,16,LAYING,SITTING,,
k-NN,290,16,LAYING,SITTING,,
k-NN,298,16,WALKING,WALKING_UPSTAIRS,,
k-NN,299,16,WALKING,WALKING_UPSTAIRS,,
k-NN,301,16,WALKING,WALKING_UPSTAIRS,,
k-NN,306,16,WALKING,WALKING_UPSTAIRS,,
k-NN,307,16,WALKING,WALKING_UPSTAIRS,,
k-NN,308,16,WALKING,WALKING_UPSTAIRS,,
k-NN,312,16,WALKING,WALKING_UPSTAIRS,,
k-NN,344,16,WALKING_UPSTAIRS,WALKING,,
k-NN,346,16,WALKING_UPSTAIRS,WALKING,,
k-NN,347,16,WALKING_UPSTAIRS,WALKING,,
k-NN,355,16,WALKING_UPSTAIRS,WALKING,,
k-NN,356,16,WALKING_UPSTAIRS,WALKING,,
k-NN,357,16,WALKING_UPSTAIRS,WALKING,,
k-NN,362,16,WALKING_UPSTAIRS,WALKING,,
k-NN,363,16,WALKING_UPSTAIRS,WALKING,,
k-NN,372,25,STANDING,SITTING,,
k-NN,385,25,STANDING,SITTING,,
k-NN,395,25,STANDING,SITTING,,
k-NN,396,25,STANDING,SITTING,,
k-NN,397,25,STANDING,SITTING,,
k-NN,398,25,STANDING,SITTING,,
k-NN,439,25,LAYING,SITTING,,
k-NN,440,25,LAYING,SITTING,,
k-NN,441,25,LAYING,SITTING,,
k-NN,442,25,LAYING,SITTING,,
k-NN,443,25,LAYING,SITTING,,
k-NN,448,25,LAYING,SITTING,,
k-NN,450,25,LAYING,SITTING,,
k-NN,451,25,LAYING,SITTING,,
k-NN,453,25,LAYING,STANDING,,
k-NN,454,25,LAYING,SITTING,,
k-NN,506,25,WALKING_DOWNSTAIRS,WALKING_UPSTAIRS,,
k-NN,507,25,WALKING_DOWNSTAIRS,WALKING_UPSTAIRS,,
k-NN,508,25,WALKING_DOWNSTAIRS,WALKING_UPSTAIRS,,
k-NN,509,25,WALKING_DOWNSTAIRS,WALKING_UPSTAIRS,,
k-NN,510,25,WALKING_DOWNSTAIRS,WALKING_UPSTAIRS,,
k-NN,511,25,WALKING_DOWNSTAIRS,WALKING_UPSTAIRS,,
k-NN,512,25,WALKING_DOWNSTAIRS,WALKING_UPSTAIRS,,
k-NN,513,25,WALKING_DOWNSTAIRS,WALKING_UPSTAIRS,,
k-NN,514,25,WALKING_DOWNSTAIRS,WALKING_UPSTAIRS,,
k-NN,515,25,WALKING_DOWNSTAIRS,WALKING_UPSTAIRS,,
k-NN,516,25,WALKING_DOWNSTAIRS,WALKING_UPSTAIRS,,
k-NN,517,25,WALKING_DOWNSTAIRS,WALKING_UPSTAIRS,,
k-NN,518,25,WALKING_DOWNSTAIRS,WALKING,,
k-NN,519,25,WALKING_DOWNSTAIRS,WALKING_UPSTAIRS,,
k-NN,520,25,WALKING_DOWNSTAIRS,WALKING_UPSTAIRS,,
k-NN,521,25,WALKING_DOWNSTAIRS,WALKING_UPSTAIRS,,
k-NN,522,25,WALKING_DOWNSTAIRS,WALKING,,
k-NN,523,25,WALKING_DOWNSTAIRS,WALKING,,
k-NN,524,25,WALKING_DOWNSTAIRS,WALKING_UPSTAIRS,,
k-NN,525,25,WALKING_DOWNSTAIRS,WALKING,,
k-NN,526,25,WALKING_DOWNSTAIRS,WALKING_UPSTAIRS,,
k-NN,527,25,WALKING_DOWNSTAIRS,WALKING_UPSTAIRS,,
k-NN,528,25,WALKING_DOWNSTAIRS,WALKING_UPSTAIRS,,
k-NN,529,25,WALKING_DOWNSTAIRS,WALKING_UPSTAIRS,,
k-NN,530,25,WALKING_DOWNSTAIRS,WALKING_UPSTAIRS,,
k-NN,531,25,WALKING_DOWNSTAIRS,WALKING_UPSTAIRS,,
k-NN,532,25,WALKING_DOWNSTAIRS,WALKING_UPSTAIRS,,
k-NN,533,25,WALKING_DOWNSTAIRS,WALKING_UPSTAIRS,,
k-NN,534,25,WALKING_DOWNSTAIRS,WALKING,,
k-NN,535,25,WALKING_DOWNSTAIRS,WALKING_UPSTAIRS,,
k-NN,613,25,SITTING,STANDING,,
k-NN,614,25,SITTING,STANDING,,
k-NN,615,25,SITTING,STANDING,,
k-NN,622,25,SITTING,STANDING,,
k-NN,623,25,SITTING,STANDING,,
k-NN,632,25,SITTING,STANDING,,
k-NN,638,25,SITTING,STANDING,,
k-NN,648,25,LAYING,SITTING,,
k-NN,650,25,LAYING,SITTING,,
k-NN,651,25,LAYING,SITTING,,
k-NN,652,25,LAYING,STANDING,,
k-NN,653,25,LAYING,STANDING,,
k-NN,654,25,LAYING,STANDING,,
k-NN,656,25,LAYING,SITTING,,
k-NN,660,25,LAYING,SITTING,,
k-NN,664,25,LAYING,SITTING,,
k-NN,665,25,LAYING,SITTING,,
k-NN,666,25,LAYING,SITTING,,
k-NN,668,25,LAYING,SITTING,,
k-NN,669,25,LAYING,STANDING,,
k-NN,670,25,LAYING,SITTING,,
k-NN,717,25,WALKING_DOWNSTAIRS,WALKING_UPSTAIRS,,
k-NN,718,25,WALKING_DOWNSTAIRS,WALKING_UPSTAIRS,,
k-NN,721,25,WALKING_DOWNSTAIRS,WALKING_UPSTAIRS,,
k-NN,722,25,WALKING_DOWNSTAIRS,WALKING_UPSTAIRS,,
k-NN,723,25,WALKING_DOWNSTAIRS,WALKING_UPSTAIRS,,
k-NN,724,25,WALKING_DOWNSTAIRS,WALKING_UPSTAIRS,,
k-NN,725,25,WALKING_DOWNSTAIRS,WALKING_UPSTAIRS,,
k-NN,726,25,WALKING_DOWNSTAIRS,WALKING_UPSTAIRS,,
k-NN,727,25,WALKING_DOWNSTAIRS,WALKING_UPSTAIRS,,
k-NN,728,25,WALKING_DOWNSTAIRS,WALKING_UPSTAIRS,,
k-NN,730,25,WALKING_DOWNSTAIRS,WALKING_UPSTAIRS,,
k-NN,731,25,WALKING_DOWNSTAIRS,WALKING_UPSTAIRS,,
k-NN,733,25,WALKING_DOWNSTAIRS,WALKING_UPSTAIRS,,
k-NN,734,25,WALKING_DOWNSTAIRS,WALKING_UPSTAIRS,,
k-NN,735,25,WALKING_DOWNSTAIRS,WALKING_UPSTAIRS,,
k-NN,736,25,WALKING_DOWNSTAIRS,WALKING_UPSTAIRS,,
k-NN,739,25,WALKING_DOWNSTAIRS,WALKING,,
k-NN,740,25,WALKING_DOWNSTAIRS,WALKING_UPSTAIRS,,
k-NN,741,25,WALKING_DOWNSTAIRS,WALKING_UPSTAIRS,,
k-NN,742,25,WALKING_DOWNSTAIRS,WALKING_UPSTAIRS,,
k-NN,743,25,WALKING_DOWNSTAIRS,WALKING_UPSTAIRS,,
k-NN,744,25,WALKING_DOWNSTAIRS,WALKING_UPSTAIRS,,
k-NN,833,28,SITTING,STANDING,,
k-NN,834,28,SITTING,STANDING,,
k-NN,838,28,SITTING,STANDING,,
k-NN,843,28,SITTING,STANDING,,
k-NN,844,28,SITTING,STANDING,,
k-NN,845,28,SITTING,STANDING,,
k-NN,849,28,SITTING,STANDING,,
k-NN,850,28,SITTING,STANDING,,
k-NN,851,28,SITTING,STANDING,,
k-NN,852,28,SITTING,STANDING,,
k-NN,855,28,SITTING,STANDING,,
k-NN,856,28,SITTING,STANDING,,
k-NN,859,28,SITTING,STANDING,,
k-NN,860,28,SITTING,STANDING,,
k-NN,861,28,LAYING,STANDING,,
k-NN,862,28,LAYING,STANDING,,
k-NN,863,28,LAYING,STANDING,,
k-NN,864,28,LAYING,STANDING,,
k-NN,865,28,LAYING,STANDING,,
k-NN,866,28,LAYING,STANDING,,
k-NN,867,28,LAYING,STANDING,,
k-NN,868,28,LAYING,SITTING,,
k-NN,869,28,LAYING,STANDING,,
k-NN,870,28,LAYING,STANDING,,
k-NN,871,28,LAYING,STANDING,,
k-NN,872,28,LAYING,STANDING,,
k-NN,873,28,LAYING,STANDING,,
k-NN,874,28,LAYING,STANDING,,
k-NN,875,28,LAYING,STANDING,,
k-NN,876,28,LAYING,STANDING,,
k-NN,877,28,LAYING,STANDING,,
k-NN,878,28,LAYING,STANDING,,
k-NN,903,28,WALKING,WALKING_UPSTAIRS,,
k-NN,917,28,WALKING,WALKING_UPSTAIRS,,
k-NN,923,28,WALKING,WALKING_UPSTAIRS,,
k-NN,924,28,WALKING,WALKING_UPSTAIRS,,
k-NN,948,28,WALKING_DOWNSTAIRS,WALKING,,
k-NN,954,28,WALKING_DOWNSTAIRS,WALKING_UPSTAIRS,,
k-NN,1002,28,STANDING,SITTING,,
k-NN,1019,28,SITTING,STANDING,,
k-NN,1024,28,SITTING,STANDING,,
k-NN,1025,28,SITTING,STANDING,,
k-NN,1026,28,SITTING,STANDING,,
k-NN,1027,28,SITTING,STANDING,,
k-NN,1028,28,SITTING,STANDING,,
k-NN,1029,28,SITTING,STANDING,,
k-NN,1034,28,SITTING,STANDING,,
k-NN,1035,28,SITTING,STANDING,,
k-NN,1036,28,SITTING,STANDING,,
k-NN,1037,28,SITTING,STANDING,,
k-NN,1038,28,SITTING,STANDING,,
k-NN,1039,28,SITTING,STANDING,,
k-NN,1042,28,SITTING,STANDING,,
k-NN,1043,28,SITTING,STANDING,,
k-NN,1044,28,SITTING,STANDING,,
k-NN,1046,28,SITTING,STANDING,,
k-NN,1047,28,SITTING,STANDING,,
k-NN,1048,28,LAYING,STANDING,,
k-NN,1049,28,LAYING,STANDING,,
k-NN,1050,28,LAYING,STANDING,,
k-NN,1051,28,LAYING,STANDING,,
k-NN,1052,28,LAYING,STANDING,,
k-NN,1053,28,LAYING,STANDING,,
k-NN,1054,28,LAYING,STANDING,,
k-NN,1055,28,LAYING,STANDING,,
k-NN,1056,28,LAYING,STANDING,,
k-NN,1057,28,LAYING,STANDING,,
k-NN,1058,28,LAYING,STANDING,,
k-NN,1059,28,LAYING,STANDING,,
k-NN,1060,28,LAYING,STANDING,,
k-NN,1061,28,LAYING,STANDING,,
k-NN,1062,28,LAYING,STANDING,,
k-NN,1063,28,LAYING,STANDING,,
k-NN,1064,28,LAYING,STANDING,,
k-NN,1065,28,LAYING,STANDING,,
k-NN,1066,28,LAYING,STANDING,,
k-NN,1092,28,WALKING,WALKING_UPSTAIRS,,
k-NN,1099,28,WALKING,WALKING_UPSTAIRS,,
k-NN,1156,28,WALKING_UPSTAIRS,WALKING,,
k-NN,1164,29,STANDING,SITTING,,
k-NN,1167,29,STANDING,SITTING,,
k-NN,1168,29,STANDING,SITTING,,
k-NN,1169,29,STANDING,SITTING,,
k-NN,1174,29,STANDING,SITTING,,
k-NN,1176,29,STANDING,SITTING,,
k-NN,1177,29,STANDING,SITTING,,
k-NN,1178,29,STANDING,SITTING,,
k-NN,1185,29,STANDING,SITTING,,
k-NN,1269,29,WALKING,WALKING_UPSTAIRS,,
k-NN,1289,29,WALKING_DOWNSTAIRS,WALKING_UPSTAIRS,,
k-NN,1341,29,STANDING,SITTING,,
k-NN,1359,29,STANDING,SITTING,,
k-NN,1371,29,SITTING,STANDING,,
k-NN,1503,9,STANDING,SITTING,,
k-NN,1504,9,STANDING,SITTING,,
k-NN,1509,9,STANDING,SITTING,,
k-NN,1510,9,STANDING,SITTING,,
k-NN,1517,9,STANDING,SITTING,,
k-NN,1527,9,SITTING,STANDING,,
k-NN,1530,9,SITTING,STANDING,,
k-NN,1533,9,SITTING,STANDING,,
k-NN,1538,9,SITTING,STANDING,,
k-NN,1580,9,WALKING,WALKING_UPSTAIRS,,
k-NN,1598,9,WALKING_DOWNSTAIRS,WALKING_UPSTAIRS,,
k-NN,1600,9,WALKING_DOWNSTAIRS,WALKING_UPSTAIRS,,
k-NN,1602,9,WALKING_DOWNSTAIRS,WALKING_UPSTAIRS,,
k-NN,1614,9,WALKING_UPSTAIRS,WALKING_DOWNSTAIRS,,
k-NN,1645,9,STANDING,SITTING,,
k-NN,1647,9,STANDING,SITTING,,
k-NN,1649,9,STANDING,SITTING,,
k-NN,1650,9,STANDING,SITTING,,
k-NN,1652,9,STANDING,SITTING,,
k-NN,1653,9,STANDING,SITTING,,
k-NN,1654,9,STANDING,SITTING,,
k-NN,1655,9,STANDING,SITTING,,
k-NN,1658,9,STANDING,SITTING,,
k-NN,1659,9,STANDING,SITTING,,
k-NN,1665,9,STANDING,SITTING,,
k-NN,1666,9,STANDING,SITTING,,
k-NN,1671,9,SITTING,STANDING,,
k-NN,1673,9,SITTING,WALKING_UPSTAIRS,,
k-NN,1674,9,SITTING,STANDING,,
k-NN,1675,9,SITTING,STANDING,,
k-NN,1676,9,SITTING,STANDING,,
k-NN,1677,9,SITTING,STANDING,,
k-NN,1688,9,SITTING,STANDING,,
k-NN,1689,9,SITTING,STANDING,,
k-NN,1690,9,SITTING,STANDING,,
k-NN,1708,9,LAYING,SITTING,,
k-NN,1709,9,LAYING,SITTING,,
k-NN,1762,9,WALKING_UPSTAIRS,WALKING,,
k-NN,1772,9,WALKING_UPSTAIRS,WALKING,,
k-NN,1774,9,WALKING_UPSTAIRS,WALKING,,
k-NN,1777,9,WALKING_UPSTAIRS,WALKING,,
k-NN,1778,9,WALKING_UPSTAIRS,WALKING,,
k-NN,1779,9,WALKING_UPSTAIRS,WALKING,,
k-NN,1780,9,WALKING_UPSTAIRS,WALKING,,
k-NN,1803,10,STANDING,SITTING,,
k-NN,1810,10,STANDING,SITTING,,
k-NN,1851,10,LAYING,SITTING,,
k-NN,1853,10,LAYING,STANDING,,
k-NN,1854,10,LAYING,SITTING,,
k-NN,1855,10,LAYING,STANDING,,
k-NN,1856,10,LAYING,STANDING,,
k-NN,1857,10,LAYING,STANDING,,
k-NN,1858,10,LAYING,STANDING,,
k-NN,1859,10,LAYING,STANDING,,
k-NN,1860,10,LAYING,SITTING,,
k-NN,1861,10,LAYING,SITTING,,
k-NN,1862,10,LAYING,SITTING,,
k-NN,1863,10,LAYING,STANDING,,
k-NN,1864,10,LAYING,STANDING,,
k-NN,1865,10,LAYING,SITTING,,
k-NN,1866,10,LAYING,STANDING,,
k-NN,1907,10,WALKING_DOWNSTAIRS,WALKING,,
k-NN,1910,10,WALKING_DOWNSTAIRS,WALKING,,
k-NN,1917,10,WALKING_UPSTAIRS,WALKING,,
k-NN,1918,10,WALKING_UPSTAIRS,WALKING,,
k-NN,1938,10,STANDING,SITTING,,
k-NN,1939,10,STANDING,SITTING,,
k-NN,1948,10,STANDING,SITTING,,
k-NN,1949,10,STANDING,SITTING,,
k-NN,1950,10,STANDING,SITTING,,
k-NN,1959,10,SITTING,STANDING,,
k-NN,1961,10,SITTING,STANDING,,
k-NN,1963,10,SITTING,STANDING,,
k-NN,1964,10,SITTING,STANDING,,
k-NN,1965,10,SITTING,STANDING,,
k-NN,1966,10,SITTING,STANDING,,
k-NN,1967,10,SITTING,STANDING,,
k-NN,1968,10,SITTING,STANDING,,
k-NN,1969,10,SITTING,STANDING,,
k-NN,1970,10,SITTING,STANDING,,
k-NN,1971,10,SITTING,STANDING,,
k-NN,1972,10,SITTING,STANDING,,
k-NN,1973,10,SITTING,STANDING,,
k-NN,1974,10,SITTING,STANDING,,
k-NN,1976,10,SITTING,STANDING,,
k-NN,1979,10,SITTING,STANDING,,
k-NN,1980,10,SITTING,STANDING,,
k-NN,1984,10,SITTING,STANDING,,
k-NN,1985,10,SITTING,STANDING,,
k-NN,1987,10,LAYING,STANDING,,
k-NN,1988,10,LAYING,STANDING,,
k-NN,1989,10,LAYING,STANDING,,
k-NN,1991,10,LAYING,SITTING,,
k-NN,1993,10,LAYING,SITTING,,
k-NN,1995,10,LAYING,SITTING,,
k-NN,1996,10,LAYING,SITTING,,
k-NN,1997,10,LAYING,STANDING,,
k-NN,1998,10,LAYING,STANDING,,
k-NN,1999,10,LAYING,SITTING,,
k-NN,2000,10,LAYING,STANDING,,
k-NN,2001,10,LAYING,STANDING,,
k-NN,2003,10,LAYING,STANDING,,
k-NN,2004,10,LAYING,STANDING,,
k-NN,2005,10,LAYING,STANDING,,
k-NN,2006,10,LAYING,STANDING,,
k-NN,2007,10,LAYING,STANDING,,
k-NN,2008,10,LAYING,SITTING,,
k-NN,2009,10,LAYING,SITTING,,
k-NN,2010,10,LAYING,STANDING,,
k-NN,2011,10,LAYING,STANDING,,
k-NN,2012,10,LAYING,STANDING,,
k-NN,2013,10,LAYING,STANDING,,
k-NN,2061,10,WALKING_UPSTAIRS,WALKING,,
k-NN,2062,10,WALKING_UPSTAIRS,WALKING,,
k-NN,2063,10,WALKING_UPSTAIRS,WALKING,,
k-NN,2064,10,WALKING_UPSTAIRS,WALKING,,
k-NN,2069,10,WALKING_UPSTAIRS,WALKING,,
k-NN,2070,10,WALKING_UPSTAIRS,WALKING,,
k-NN,2071,10,WALKING_UPSTAIRS,WALKING,,
k-NN,2074,10,WALKING_UPSTAIRS,WALKING,,
k-NN,2077,10,WALKING_UPSTAIRS,WALKING,,
k-NN,2079,10,WALKING_UPSTAIRS,WALKING,,
k-NN,2080,10,WALKING_UPSTAIRS,WALKING,,
k-NN,2082,10,WALKING_UPSTAIRS,WALKING,,
k-NN,2095,13,STANDING,SITTING,,
k-NN,2113,13,SITTING,STANDING,,
k-NN,2114,13,SITTING,STANDING,,
k-NN,2115,13,SITTING,STANDING,,
k-NN,2116,13,SITTING,STANDING,,
k-NN,2126,13,SITTING,STANDING,,
k-NN,2127,13,SITTING,STANDING,,
k-NN,2128,13,SITTING,STANDING,,
k-NN,2133,13,SITTING,STANDING,,
k-NN,2198,13,WALKING_DOWNSTAIRS,WALKING,,
k-NN,2199,13,WALKING_DOWNSTAIRS,WALKING,,
k-NN,2200,13,WALKING_DOWNSTAIRS,WALKING,,
k-NN,2201,13,WALKING_DOWNSTAIRS,WALKING,,
k-NN,2202,13,WALKING_DOWNSTAIRS,WALKING,,
k-NN,2203,13,WALKING_DOWNSTAIRS,WALKING,,
k-NN,2204,13,WALKING_DOWNSTAIRS,WALKING,,
k-NN,2205,13,WALKING_DOWNSTAIRS,WALKING,,
k-NN,2208,13,WALKING_DOWNSTAIRS,WALKING,,
k-NN,2209,13,WALKING_DOWNSTAIRS,WALKING,,
k-NN,2210,13,WALKING_DOWNSTAIRS,WALKING,,
k-NN,2211,13,WALKING_DOWNSTAIRS,WALKING,,
k-NN,2214,13,WALKING_DOWNSTAIRS,WALKING,,
k-NN,2217,13,WALKING_DOWNSTAIRS,WALKING,,
k-NN,2220,13,WALKING_DOWNSTAIRS,WALKING,,
k-NN,2221,13,WALKING_DOWNSTAIRS,WALKING,,
k-NN,2222,13,WALKING_DOWNSTAIRS,WALKING,,
k-NN,2223,13,WALKING_DOWNSTAIRS,WALKING,,
k-NN,2294,13,SITTING,STANDING,,
k-NN,2300,13,SITTING,STANDING,,
k-NN,2364,13,WALKING,WALKING_DOWNSTAIRS,,
k-NN,2365,13,WALKING,WALKING_DOWNSTAIRS,,
k-NN,2424,18,STANDING,SITTING,,
k-NN,2471,18,SITTING,STANDING,,
k-NN,2473,18,SITTING,STANDING,,
k-NN,2474,18,SITTING,STANDING,,
k-NN,2475,18,SITTING,STANDING,,
k-NN,2478,18,SITTING,STANDING,,
k-NN,2479,18,SITTING,STANDING,,
k-NN,2541,18,WALKING_DOWNSTAIRS,WALKING,,
k-NN,2542,18,WALKING_DOWNSTAIRS,WALKING,,
k-NN,2543,18,WALKING_DOWNSTAIRS,WALKING,,
k-NN,2544,18,WALKING_DOWNSTAIRS,WALKING,,
k-NN,2545,18,WALKING_DOWNSTAIRS,WALKING,,
k-NN,2546,18,WALKING_DOWNSTAIRS,WALKING_UPSTAIRS,,
k-NN,2547,18,WALKING_DOWNSTAIRS,WALKING,,
k-NN,2548,18,WALKING_DOWNSTAIRS,WALKING,,
k-NN,2549,18,WALKING_DOWNSTAIRS,WALKING,,
k-NN,2550,18,WALKING_DOWNSTAIRS,WALKING,,
k-NN,2561,18,WALKING_DOWNSTAIRS,WALKING_UPSTAIRS,,
k-NN,2562,18,WALKING_DOWNSTAIRS,WALKING_UPSTAIRS,,
k-NN,2563,18,WALKING_DOWNSTAIRS,WALKING,,
k-NN,2564,18,WALKING_DOWNSTAIRS,WALKING,,
k-NN,2565,18,WALKING_DOWNSTAIRS,WALKING_UPSTAIRS,,
k-NN,2568,18,WALKING_DOWNSTAIRS,WALKING,,
k-NN,2569,18,WALKING_DOWNSTAIRS,WALKING,,
k-NN,2579,18,WALKING_DOWNSTAIRS,WALKING_UPSTAIRS,,
k-NN,2580,18,WALKING_DOWNSTAIRS,WALKING,,
k-NN,2581,18,WALKING_DOWNSTAIRS,WALKING_UPSTAIRS,,
k-NN,2582,18,WALKING_DOWNSTAIRS,WALKING_UPSTAIRS,,
k-NN,2583,18,WALKING_DOWNSTAIRS,WALKING,,
k-NN,2584,18,WALKING_DOWNSTAIRS,WALKING_UPSTAIRS,,
k-NN,2585,18,WALKING_DOWNSTAIRS,WALKING_UPSTAIRS,,
k-NN,2586,18,WALKING_DOWNSTAIRS,WALKING_UPSTAIRS,,
k-NN,2587,18,WALKING_DOWNSTAIRS,WALKING_UPSTAIRS,,
k-NN,2630,18,STANDING,SITTING,,
k-NN,2637,18,SITTING,STANDING,,
k-NN,2639,18,SITTING,STANDING,,
k-NN,2647,18,SITTING,STANDING,,
k-NN,2652,18,SITTING,STANDING,,
k-NN,2656,18,SITTING,STANDING,,
k-NN,2694,18,WALKING,WALKING_UPSTAIRS,,
k-NN,2698,18,WALKING,WALKING_UPSTAIRS,,
k-NN,2706,18,WALKING,WALKING_UPSTAIRS,,
k-NN,2718,18,WALKING_DOWNSTAIRS,WALKING_UPSTAIRS,,
k-NN,2720,18,WALKING_DOWNSTAIRS,WALKING_UPSTAIRS,,
k-NN,2721,18,WALKING_DOWNSTAIRS,WALKING_UPSTAIRS,,
k-NN,2722,18,WALKING_DOWNSTAIRS,WALKING_UPSTAIRS,,
k-NN,2723,18,WALKING_DOWNSTAIRS,WALKING_UPSTAIRS,,
k-NN,2724,18,WALKING_DOWNSTAIRS,WALKING_UPSTAIRS,,
k-NN,2725,18,WALKING_DOWNSTAIRS,WALKING_UPSTAIRS,,
k-NN,2726,18,WALKING_DOWNSTAIRS,WALKING_UPSTAIRS,,
k-NN,2727,18,WALKING_DOWNSTAIRS,WALKING_UPSTAIRS,,
k-NN,2728,18,WALKING_DOWNSTAIRS,WALKING_UPSTAIRS,,
k-NN,2729,18,WALKING_DOWNSTAIRS,WALKING_UPSTAIRS,,
k-NN,2730,18,WALKING_DOWNSTAIRS,WALKING_UPSTAIRS,,
k-NN,2731,18,WALKING_DOWNSTAIRS,WALKING_UPSTAIRS,,
k-NN,2732,18,WALKING_DOWNSTAIRS,WALKING_UPSTAIRS,,
k-NN,2733,18,WALKING_DOWNSTAIRS,WALKING_UPSTAIRS,,
k-NN,2734,18,WALKING_DOWNSTAIRS,WALKING_UPSTAIRS,,
k-NN,2735,18,WALKING_DOWNSTAIRS,WALKING_UPSTAIRS,,
k-NN,2765,18,WALKING_DOWNSTAIRS,WALKING_UPSTAIRS,,
k-NN,2766,18,WALKING_DOWNSTAIRS,WALKING_UPSTAIRS,,
k-NN,2769,18,WALKING_DOWNSTAIRS,WALKING_UPSTAIRS,,
k-NN,2770,18,WALKING_DOWNSTAIRS,WALKING_UPSTAIRS,,
k-NN,2771,18,WALKING_DOWNSTAIRS,WALKING_UPSTAIRS,,
k-NN,2772,18,WALKING_DOWNSTAIRS,WALKING_UPSTAIRS,,
k-NN,2773,18,WALKING_DOWNSTAIRS,WALKING_UPSTAIRS,,
k-NN,2789,24,STANDING,SITTING,,
k-NN,2792,24,STANDING,SITTING,,
k-NN,2808,24,SITTING,STANDING,,
k-NN,2824,24,SITTING,STANDING,,
k-NN,2825,24,SITTING,STANDING,,
k-NN,2891,24,WALKING,WALKING_UPSTAIRS,,
k-NN,2892,24,WALKING,WALKING_UPSTAIRS,,
k-NN,2893,24,WALKING,WALKING_UPSTAIRS,,
k-NN,2914,24,WALKING_DOWNSTAIRS,WALKING,,
k-NN,2924,24,WALKING_DOWNSTAIRS,WALKING,,
k-NN,2925,24,WALKING_DOWNSTAIRS,WALKING,,
k-NN,2929,24,WALKING_DOWNSTAIRS,WALKING,,
k-NN,2937,24,WALKING_UPSTAIRS,WALKING,,
k-NN,2950,24,WALKING_UPSTAIRS,WALKING,,
k-NN,2964,24,STANDING,SITTING,,
k-NN,2987,24,STANDING,SITTING,,
k-NN,3020,24,SITTING,STANDING,,
k-NN,3022,24,SITTING,STANDING,,
k-NN,3106,24,WALKING_DOWNSTAIRS,WALKING,,
k-NN,3108,24,WALKING_DOWNSTAIRS,WALKING,,
k-NN,3154,24,WALKING_UPSTAIRS,WALKING,,
SVM,0,16,STANDING,SITTING,-0.30204252286498645,0.05587392947455494
SVM,6,16,STANDING,SITTING,-0.6245535884764744,0.6179957802052558
SVM,36,16,SITTING,STANDING,-1.001726807727587,0.5864055118577147
SVM,179,16,STANDING,SITTING,-0.842387893582827,1.0285458997338868
SVM,180,16,STANDING,SITTING,-0.500354134536942,0.5304835009401281
SVM,181,16,STANDING,SITTING,-1.1094518489473546,0.7754937666486847
SVM,182,16,STANDING,SITTING,-0.5355247700366288,0.5654545788000482
SVM,183,16,STANDING,SITTING,-0.054976199548030236,0.09662671473734052
SVM,184,16,STANDING,SITTING,-1.1619868702123894,1.212869708809273
SVM,185,16,STANDING,SITTING,-0.7686759121912811,0.6883678680410936
SVM,186,16,STANDING,SITTING,-0.32371652685785335,0.2555224525758806
SVM,187,16,STANDING,SITTING,-0.59527125438937,0.49759116235834355
SVM,188,16,STANDING,SITTING,-0.6033729573605531,0.4026102616539593
SVM,189,16,STANDING,SITTING,-0.6023032433252905,0.6789314294532895
SVM,190,16,STANDING,SITTING,-0.26498005924085843,0.4904790084193018
SVM,191,16,STANDING,SITTING,-0.07693604467732729,0.20322372121938814
SVM,192,16,STANDING,SITTING,-0.23431841478156235,0.2846381994760203
SVM,193,16,STANDING,SITTING,-0.4431910734437263,0.39415731403581966
SVM,194,16,STANDING,SITTING,-0.33951369357304007,0.36989489105234963
SVM,195,16,STANDING,SITTING,-0.5691092292285207,0.7776367690735912
SVM,196,16,STANDING,SITTING,-0.4370686218826102,0.5321646264038045
SVM,197,16,STANDING,SITTING,-0.7113009901108999,0.5968299752282
SVM,198,16,STANDING,SITTING,-0.5021872353752883,0.471016671634926
SVM,199,16,STANDING,SITTING,-0.7457710496736514,0.7122368450344276
SVM,200,16,STANDING,SITTING,-0.712146314734433,0.8230024772870084
SVM,201,16,STANDING,SITTING,-0.27840494931748105,0.44331624605473086
SVM,202,16,STANDING,SITTING,-0.17815042979286722,0.1324145897134501
SVM,203,16,STANDING,SITTING,-1.8673290033399421,1.8757254926904583
SVM,204,16,STANDING,SITTING,-1.3251020500462507,1.3551842332161512
SVM,205,16,STANDING,SITTING,-0.798508820582498,0.8831720000120242
SVM,206,16,STANDING,SITTING,-0.9165874989708015,1.0467220778927522
SVM,207,16,STANDING,SITTING,-0.8888426277558722,0.5951735385583123
SVM,208,16,STANDING,SITTING,-0.6579504764544819,0.3898193599758035
SVM,209,16,STANDING,SITTING,-0.3252290226869682,0.37541980044001244
SVM,210,16,STANDING,SITTING,-1.3382668318347881,1.267409815840645
SVM,211,16,STANDING,SITTING,-0.7688679702476675,0.7486299565044543
SVM,212,16,STANDING,SITTING,-0.9197259373547877,0.9394665313107584
SVM,213,16,STANDING,SITTING,-0.24612387470986574,0.5989904069841725
SVM,214,16,STANDING,SITTING,-0.08016425428193719,0.26146592259485213
SVM,215,16,STANDING,SITTING,-0.2966963768273527,0.5697121619881058
SVM,216,16,STANDING,SITTING,-0.15801373724912693,0.4367615289545954
SVM,217,16,STANDING,SITTING,-0.06852009175668194,0.2772549677445084
SVM,218,16,STANDING,SITTING,-1.4714894971519108,1.5191492119062415
SVM,219,16,STANDING,SITTING,-1.3805780529721927,1.3998841432531144
SVM,220,16,STANDING,SITTING,-1.7235037788002128,1.680419006462579
SVM,226,16,SITTING,STANDING,-0.12822318760935525,0.0382275747525449
SVM,227,16,SITTING,STANDING,-0.051060635486893435,0.24121868003488833
SVM,229,16,SITTING,STANDING,-0.06587895155555068,0.24188260551479357
SVM,230,16,SITTING,STANDING,-0.4686684321365616,0.3515010435113266
SVM,233,16,SITTING,STANDING,-0.14029930285249814,0.20607677238884015
SVM,236,16,SITTING,STANDING,-0.14076467997435016,0.18094783013646265
SVM,237,16,SITTING,STANDING,-0.26862604915261223,0.4106532628200317
SVM,238,16,SITTING,STANDING,-0.23998374588435345,0.37083445171598184
SVM,239,16,SITTING,STANDING,-0.21160545937287134,0.2592141810187589
SVM,240,16,SITTING,STANDING,-0.20269631592672588,0.2111695850937283
SVM,242,16,SITTING,STANDING,-0.7965111956905757,0.6401275367823531
SVM,263,16,LAYING,STANDING,0.6688444062352835,0.8509178426455069
SVM,264,16,LAYING,STANDING,0.7732633801492216,1.3545694253221956
SVM,266,16,LAYING,STANDING,0.8768026142878321,1.2424735072089008
SVM,267,16,LAYING,STANDING,0.8646748386615563,2.008497772425918
SVM,268,16,LAYING,STANDING,0.8483136872155924,1.46705643196615
SVM,269,16,LAYING,STANDING,1.0160321269441983,1.2812212698839758
SVM,270,16,LAYING,STANDING,0.8447485953493185,1.2091583397277719
SVM,271,16,LAYING,STANDING,0.794156218011601,1.3742597108485974
SVM,272,16,LAYING,STANDING,0.8971761659033223,1.3594167683344602
SVM,273,16,LAYING,STANDING,0.886919732748883,0.9552186933079707
SVM,275,16,LAYING,STANDING,1.011821888099803,1.2069347834677793
SVM,276,16,LAYING,STANDING,0.9725961345987139,1.1737999848164946
SVM,277,16,LAYING,STANDING,0.8844471184309944,1.6773775122251535
SVM,281,16,LAYING,STANDING,0.6961138840905762,1.0627589830165014
SVM,282,16,LAYING,STANDING,0.6387965879275669,1.0782811957113327
SVM,283,16,LAYING,STANDING,0.5549295481099618,0.5947656923537696
SVM,284,16,LAYING,STANDING,0.6648972330113484,0.7233658825414333
SVM,285,16,LAYING,STANDING,0.8791834799285411,0.9298881169361037
SVM,286,16,LAYING,STANDING,0.6297551376580447,1.1187968197450437
SVM,287,16,LAYING,STANDING,0.5987474523317154,1.1589903903249221
SVM,288,16,LAYING,STANDING,0.6638001408708946,1.2111768195724981
SVM,289,16,LAYING,STANDING,0.7690271826307823,1.2987286008235135
SVM,290,16,LAYING,STANDING,0.5942614024256289,1.8956382354387553
SVM,291,16,LAYING,STANDING,0.7848796761054665,1.010198210657822
SVM,293,16,LAYING,STANDING,0.6958718952082911,1.1653188386568274
SVM,294,16,WALKING,SITTING,0.2636280987571906,0.8343711915258085
SVM,342,16,WALKING_UPSTAIRS,SITTING,0.15169055327070846,1.5970634467441518
SVM,343,16,WALKING_UPSTAIRS,SITTING,0.05848553544993962,1.2813648507457485
SVM,344,16,WALKING_UPSTAIRS,SITTING,-0.4965444699575934,0.797200647490246
SVM,345,16,WALKING_UPSTAIRS,SITTING,0.11235407232231842,0.8429444243746114
SVM,346,16,WALKING_UPSTAIRS,SITTING,0.13506897642548066,0.7556176296359567
SVM,347,16,WALKING_UPSTAIRS,SITTING,-0.932277650542082,0.41376703447369234
SVM,348,16,WALKING_UPSTAIRS,SITTING,-0.1515919502862093,1.346361816157403
SVM,349,16,WALKING_UPSTAIRS,SITTING,-0.0003893263406458125,1.4144680281860165
SVM,350,16,WALKING_UPSTAIRS,SITTING,-0.5240540804161896,1.3666654907255436
SVM,351,16,WALKING_UPSTAIRS,SITTING,-0.10473163203971958,1.1152619563530402
SVM,352,16,WALKING_UPSTAIRS,SITTING,-0.3005015568013618,0.4093020054829557
SVM,353,16,WALKING_UPSTAIRS,SITTING,-0.3169003125878772,0.7691732954710762
SVM,354,16,WALKING_UPSTAIRS,SITTING,0.0845294270012582,1.3309744200041447
SVM,355,16,WALKING_UPSTAIRS,SITTING,0.07972625593149374,0.6969397974912193
SVM,356,16,WALKING_UPSTAIRS,SITTING,0.004864785732771493,0.9595409486669562
SVM,357,16,WALKING_UPSTAIRS,SITTING,-0.024499086173984663,1.5166142299047078
SVM,358,16,WALKING_UPSTAIRS,SITTING,0.098163758620607,1.5237394858422793
SVM,359,16,WALKING_UPSTAIRS,SITTING,-0.009248274718054228,1.485956787319465
SVM,360,16,WALKING_UPSTAIRS,SITTING,-0.24410075297995182,0.6349430423684022
SVM,361,16,WALKING_UPSTAIRS,SITTING,-0.19735523266063093,0.8644535199805465
SVM,362,16,WALKING_UPSTAIRS,SITTING,-0.46428498086651715,0.45715829453347334
SVM,363,16,WALKING_UPSTAIRS,SITTING,-0.570386958130134,0.39518999349150885
SVM,364,16,WALKING_UPSTAIRS,SITTING,-0.3762280619302283,1.2461956028667807
SVM,365,16,WALKING_UPSTAIRS,SITTING,-0.1118732017939239,1.9528922625952454
SVM,385,25,STANDING,SITTING,-0.21860173341354117,0.30716447494639754
SVM,515,25,WALKING_DOWNSTAIRS,WALKING_UPSTAIRS,-0.7458108468292632,-0.19855966136235326
SVM,516,25,WALKING_DOWNSTAIRS,WALKING_UPSTAIRS,-0.41206420879067107,-0.27654182376364544
SVM,518,25,WALKING_DOWNSTAIRS,WALKING_UPSTAIRS,-0.44614480082587116,-0.2722350035293405
SVM,519,25,WALKING_DOWNSTAIRS,WALKING_UPSTAIRS,-0.7541269623638186,0.10924920485107958
SVM,520,25,WALKING_DOWNSTAIRS,WALKING_UPSTAIRS,-0.5371303860825881,0.0030754732315150246
SVM,521,25,WALKING_DOWNSTAIRS,WALKING_UPSTAIRS,-0.09353983529934451,0.07186873012719963
SVM,525,25,WALKING_DOWNSTAIRS,WALKING_UPSTAIRS,-0.6103629252400979,-0.5098343956984672
SVM,528,25,WALKING_DOWNSTAIRS,WALKING_UPSTAIRS,-0.516753814654365,-0.3265798199216571
SVM,534,25,WALKING_DOWNSTAIRS,WALKING_UPSTAIRS,-0.5935121867562976,-0.3693093531989108
SVM,679,25,WALKING,WALKING_UPSTAIRS,-0.2856769754913546,0.24457473374456384
SVM,726,25,WALKING_DOWNSTAIRS,WALKING_UPSTAIRS,-0.9928975151644006,0.47364472615726694
SVM,727,25,WALKING_DOWNSTAIRS,WALKING_UPSTAIRS,-0.8701090559499862,0.07959956297617254
SVM,736,25,WALKING_DOWNSTAIRS,SITTING,-0.6577440225457002,-0.10781497228428294
SVM,838,28,SITTING,STANDING,-0.35203228676680975,0.19335060438234097
SVM,839,28,SITTING,STANDING,-0.42591628503541035,0.7276383775908222
SVM,840,28,SITTING,STANDING,-0.49208752576260695,0.6218177943203644
SVM,841,28,SITTING,STANDING,-0.39553166754964875,0.4032192180451013
SVM,844,28,SITTING,STANDING,-0.47332143264293103,0.7263044793847919
SVM,845,28,SITTING,STANDING,-0.14367642980700568,0.340414016656053
SVM,849,28,SITTING,STANDING,-0.08335442529813575,0.2533504107753968
SVM,851,28,SITTING,STANDING,-0.016216447136272683,0.2024802870561615
SVM,852,28,SITTING,STANDING,-0.2522632039378998,0.5899736759246046
SVM,855,28,SITTING,STANDING,-0.3695853714480333,0.38868290950152096
SVM,856,28,SITTING,STANDING,-0.46236295128949456,0.7304653153909129
SVM,857,28,SITTING,STANDING,-0.10752270990325319,0.2884747102967793
SVM,861,28,LAYING,STANDING,1.9663258312594665,1.9865582774969022
SVM,862,28,LAYING,STANDING,1.7870448591118389,3.184890105953512
SVM,863,28,LAYING,STANDING,1.7498171431939622,2.821011282964788
SVM,864,28,LAYING,STANDING,1.6224332748172654,2.671914843197607
SVM,865,28,LAYING,STANDING,1.882528413758597,2.3431849101698656
SVM,866,28,LAYING,STANDING,1.797419908221781,2.0856954999126653
SVM,869,28,LAYING,STANDING,1.8161052050972155,2.3163248698754586
SVM,870,28,LAYING,STANDING,1.8141575918864565,2.7571666513131428
SVM,871,28,LAYING,STANDING,1.6969125379944945,1.9099296208458785
SVM,872,28,LAYING,STANDING,1.6411458021370864,2.5172241111570663
SVM,873,28,LAYING,STANDING,1.9137551040875644,2.1383742728435324
SVM,874,28,LAYING,STANDING,2.1479615351002765,2.5720563538150705
SVM,875,28,LAYING,STANDING,2.2556702483162625,2.8247976318742962
SVM,876,28,LAYING,STANDING,2.1214462271899412,2.5091976828369207
SVM,877,28,LAYING,STANDING,1.9610690794486167,2.3192286053337705
SVM,878,28,LAYING,STANDING,1.7347642958121945,1.8731731273672858
SVM,1026,28,SITTING,STANDING,0.010507656455549075,0.10972834988814517
SVM,1027,28,SITTING,STANDING,-0.17090727091176616,0.24013276482297163
SVM,1028,28,SITTING,STANDING,-0.1915975616969513,0.23988257879660635
SVM,1029,28,SITTING,STANDING,-0.48067002547593374,0.46457193329817925
SVM,1030,28,SITTING,STANDING,-0.31289467036332697,0.4217392446759962
SVM,1033,28,SITTING,STANDING,-0.1839935676333726,0.09751473652235809
SVM,1034,28,SITTING,STANDING,-0.30297233183813643,0.3745094390287378
SVM,1035,28,SITTING,STANDING,-0.49936139563869586,0.702648273884281
SVM,1036,28,SITTING,STANDING,-1.1262607703813725,1.2209547138047683
SVM,1037,28,SITTING,STANDING,-0.6443840828245191,0.8087899507249938
SVM,1038,28,SITTING,STANDING,-0.6890319044620683,0.7624767286541227
SVM,1039,28,SITTING,STANDING,-0.4692774893333438,0.557126533106082
SVM,1041,28,SITTING,STANDING,-0.39281618919795547,0.6139576887348184
SVM,1042,28,SITTING,STANDING,-0.7066627585356964,0.8292735756879761
SVM,1043,28,SITTING,STANDING,-1.2663766095524114,1.449589062685565
SVM,1044,28,SITTING,STANDING,-0.42879704022550325,0.41293534432791024
SVM,1045,28,SITTING,STANDING,-0.004667145680227858,0.2135765931531861
SVM,1046,28,SITTING,STANDING,-0.05698339652692841,0.26313065608357533
SVM,1047,28,SITTING,STANDING,-0.47580533527042035,0.6382455850103066
SVM,1093,28,WALKING,WALKING_UPSTAIRS,0.3160081482607979,0.5101256629645361
SVM,1159,29,STANDING,SITTING,-0.08042617618801495,0.10137713907069124
SVM,1160,29,STANDING,SITTING,-0.6377166004045391,0.5805188777766981
SVM,1161,29,STANDING,SITTING,-0.519636845617419,0.42752166622626486
SVM,1166,29,STANDING,SITTING,-0.11853138924393747,0.229053035631541
SVM,1167,29,STANDING,SITTING,-0.09499084177093242,0.270165420387142
SVM,1168,29,STANDING,SITTING,-0.1424521564001615,0.2635052960026236
SVM,1169,29,STANDING,SITTING,-0.4832556095479166,0.7175195776831593
SVM,1170,29,STANDING,SITTING,-0.6595034447203395,0.7680911276200524
SVM,1171,29,STANDING,SITTING,-0.0715385825516377,0.18586818588755105
SVM,1173,29,STANDING,SITTING,-0.15360627908358804,0.32512448898179613
SVM,1175,29,STANDING,SITTING,-0.26976722055923275,0.009492362919487629
SVM,1176,29,STANDING,SITTING,-0.23273823559911522,0.12827286899728962
SVM,1177,29,STANDING,SITTING,-0.5810445850077346,0.47567548524734526
SVM,1178,29,STANDING,SITTING,-0.4897412156351957,0.35648106643378763
SVM,1179,29,STANDING,SITTING,-0.5135914770037184,0.22978754026176862
SVM,1502,9,STANDING,SITTING,-0.17951237044850255,0.3038086630322494
SVM,1503,9,STANDING,SITTING,0.0031493381764176043,0.1964344874624251
SVM,1504,9,STANDING,SITTING,-0.1179369817510898,0.2701000631428212
SVM,1510,9,STANDING,SITTING,-0.2650339853392123,0.234313429466658
SVM,1517,9,STANDING,SITTING,-0.3247852600880612,0.2337516515081801
SVM,1522,9,STANDING,SITTING,-0.12451395643365748,0.14832860243167723
SVM,1638,9,WALKING_UPSTAIRS,WALKING,0.28047486133965593,0.5381946178151649
SVM,1645,9,STANDING,SITTING,-1.5151165429594926,0.6350792910375347
SVM,1646,9,STANDING,SITTING,-0.6708399536801364,0.7598356253826057
SVM,1647,9,STANDING,SITTING,-0.5100318219024809,0.6151374143365422
SVM,1655,9,STANDING,SITTING,-0.08208627991705164,0.07855580242629978
SVM,1656,9,STANDING,SITTING,-1.5190663871870342,1.231271108165764
SVM,1657,9,STANDING,SITTING,-1.6750610817681968,1.5852153101207374
SVM,1658,9,STANDING,SITTING,-1.7709634388654036,1.49311753563694
SVM,1659,9,STANDING,SITTING,-0.9515516329559861,1.04162876019577
SVM,1660,9,STANDING,SITTING,-0.10438879683987246,0.15390768411636913
SVM,1661,9,STANDING,SITTING,-0.1816140785344439,0.3287793160144721
SVM,1662,9,STANDING,SITTING,-0.8011145065353096,0.8446952432018224
SVM,1663,9,STANDING,SITTING,-0.6370925900449982,0.8372156485623841
SVM,1664,9,STANDING,SITTING,-0.32870683645432386,0.37765890955952086
SVM,1665,9,STANDING,SITTING,-0.41160851689801614,0.4858838771827385
SVM,1666,9,STANDING,SITTING,-0.2679357927793148,0.2287229557865713
SVM,1672,9,SITTING,WALKING_UPSTAIRS,0.1726681725109842,0.20679478791708128
SVM,1673,9,SITTING,WALKING_UPSTAIRS,-0.15991200750174928,2.358992084554491
SVM,1674,9,SITTING,STANDING,-2.7928060086634128,1.0959328627279585
SVM,1675,9,SITTING,STANDING,-3.6517692542348064,2.78949147582811
SVM,1676,9,SITTING,STANDING,-2.804162122132393,1.323750573683917
SVM,1677,9,SITTING,STANDING,-2.74384893415178,1.3274678526756356
SVM,1678,9,SITTING,STANDING,-2.490896999485604,1.080796118907956
SVM,1679,9,SITTING,STANDING,-2.4972739158946258,1.3119054961802987
SVM,1696,9,LAYING,STANDING,1.1523429109461918,1.530796118405709
SVM,1697,9,LAYING,STANDING,1.238366379783666,1.7257137692625497
SVM,1699,9,LAYING,STANDING,1.49540621548222,1.8567098527267614
SVM,1700,9,LAYING,STANDING,1.5853689150463772,1.767388716288336
SVM,1701,9,LAYING,STANDING,1.2421942160481332,1.8561730731937434
SVM,1702,9,LAYING,STANDING,1.2564997675162153,2.6393925927992994
SVM,1703,9,LAYING,STANDING,1.1425422975201904,2.3417678518369467
SVM,1707,9,LAYING,STANDING,1.2663389957904174,1.7855457252516638
SVM,1708,9,LAYING,STANDING,0.8377014287909178,1.317618678437196
SVM,1709,9,LAYING,STANDING,0.8727254500328833,0.8844466641036484
SVM,1710,9,LAYING,STANDING,1.0114122135356793,1.2090127209821546
SVM,1711,9,LAYING,STANDING,1.2070714021032587,1.4022956967918716
SVM,1714,9,LAYING,STANDING,1.298954375882683,1.7028933256875234
SVM,1715,9,LAYING,STANDING,1.2720806227628305,1.4015595345497147
SVM,1717,9,LAYING,STANDING,1.6212139046460559,1.6425162984796533
SVM,1759,9,WALKING_UPSTAIRS,SITTING,0.6391102763928829,0.8069230816748711
SVM,1760,9,WALKING_UPSTAIRS,SITTING,0.4166957571463419,1.1717804987377778
SVM,1761,9,WALKING_UPSTAIRS,SITTING,0.023746924366195188,0.16584898570071305
SVM,1762,9,WALKING_UPSTAIRS,SITTING,-0.38070025928214446,0.6403358479106787
SVM,1763,9,WALKING_UPSTAIRS,SITTING,-0.27976212502964704,0.5342624697321918
SVM,1764,9,WALKING_UPSTAIRS,SITTING,-0.21608685459968113,1.1742988060420996
SVM,1765,9,WALKING_UPSTAIRS,SITTING,-0.08377962179182408,1.059284510204467
SVM,1766,9,WALKING_UPSTAIRS,SITTING,-0.8242746507582887,0.7262064513315385
SVM,1767,9,WALKING_UPSTAIRS,SITTING,0.5971193797724788,1.0106712567520448
SVM,1770,9,WALKING_UPSTAIRS,SITTING,0.1457030743788077,0.9548170898197252
SVM,1771,9,WALKING_UPSTAIRS,SITTING,-0.11225652035263178,0.9315336514375367
SVM,1772,9,WALKING_UPSTAIRS,SITTING,-0.26460978537806235,0.24972600244954846
SVM,1773,9,WALKING_UPSTAIRS,SITTING,-0.3329923217519585,-0.09018436315094625
SVM,1774,9,WALKING_UPSTAIRS,SITTING,-0.5547461081017074,0.09031402827967683
SVM,1775,9,WALKING_UPSTAIRS,SITTING,-0.023973953493957145,0.2138946603197862
SVM,1776,9,WALKING_UPSTAIRS,SITTING,0.09094717062264768,0.6593195183886955
SVM,1777,9,WALKING_UPSTAIRS,SITTING,0.16071460889223554,0.7692977999318364
SVM,1778,9,WALKING_UPSTAIRS,SITTING,-0.21528670347388368,0.5602706545616547
SVM,1779,9,WALKING_UPSTAIRS,SITTING,-0.15683064735771612,0.6045703616935305
SVM,1780,9,WALKING_UPSTAIRS,SITTING,-0.5582703736707286,0.9281997364532186
SVM,1781,9,WALKING_UPSTAIRS,SITTING,-0.4402605855901196,0.7486406777063164
SVM,1914,10,WALKING_UPSTAIRS,WALKING_DOWNSTAIRS,-0.2807401029768426,-0.19655477460477022
SVM,1934,10,WALKING_UPSTAIRS,WALKING,-0.13176987027260312,0.36420895374058526
SVM,1937,10,STANDING,SITTING,-0.5046690268851626,0.4129107617829668
SVM,1938,10,STANDING,SITTING,-0.7794083733941546,0.9441442619366254
SVM,1939,10,STANDING,SITTING,-0.0526162412743616,0.203932190232895
SVM,1940,10,STANDING,SITTING,-0.38870245290855165,0.415992504164739
SVM,1942,10,STANDING,SITTING,-0.3246398225425057,0.008878409398227038
SVM,1943,10,STANDING,SITTING,-1.0381453215438974,0.8843775685710042
SVM,1944,10,STANDING,SITTING,0.07096034640586635,0.20737911597700176
SVM,1947,10,STANDING,SITTING,-1.408141840511971,1.1499025188756185
SVM,1948,10,STANDING,SITTING,-0.477095049191394,0.655858676392036
SVM,1949,10,STANDING,SITTING,-0.3261055509541462,0.3663815702947848
SVM,1950,10,STANDING,SITTING,-0.07348790894172796,0.1927385427887418
SVM,1952,10,STANDING,SITTING,-0.6107136379834788,0.7620170791072529
SVM,1953,10,STANDING,SITTING,-1.027601529336399,1.0764448486704432
SVM,1954,10,STANDING,SITTING,-0.2766348032682484,0.32133199172587035
SVM,1955,10,STANDING,SITTING,-0.07901386920183984,0.041730302927142526
SVM,1956,10,STANDING,SITTING,-0.3711191367055984,0.2340853222385828
SVM,1957,10,SITTING,STANDING,-0.9107585796818976,0.45445675008752917
SVM,1958,10,SITTING,STANDING,-1.7567934316114417,1.2581248892744024
SVM,1959,10,SITTING,STANDING,-2.1783143564412057,1.214298338368858
SVM,1960,10,SITTING,STANDING,-1.8370472731642788,0.8573189232746914
SVM,1961,10,SITTING,STANDING,-2.272351889648491,1.4564845591350848
SVM,1962,10,SITTING,STANDING,-1.8436928031143807,1.0216036327956572
SVM,1963,10,SITTING,STANDING,-2.105081396338483,1.1626141932707632
SVM,1964,10,SITTING,STANDING,-2.344814607160284,1.5706225432948597
SVM,1965,10,SITTING,STANDING,-2.5969364317139,2.0637138847681404
SVM,1966,10,SITTING,STANDING,-2.035913641063786,1.5832788950708567
SVM,1967,10,SITTING,STANDING,-2.370627775779192,1.652822219241907
SVM,1968,10,SITTING,STANDING,-2.963795509026532,2.353459157890531
SVM,1969,10,SITTING,STANDING,-2.964471000455859,2.412035313339188
SVM,1970,10,SITTING,STANDING,-3.4355817433506437,2.8304145556673275
SVM,1971,10,SITTING,STANDING,-3.264661256704531,2.6606798449601525
SVM,1972,10,SITTING,STANDING,-3.2311513606417104,2.7755866342489215
SVM,1973,10,SITTING,STANDING,-3.349369808507303,2.689276151717933
SVM,1974,10,SITTING,STANDING,-0.7846043575432426,0.2949979482898888
SVM,1979,10,SITTING,STANDING,-0.25235875427760535,0.2769607075648268
SVM,1980,10,SITTING,STANDING,-0.10630009110517147,-0.010289342467109108
SVM,1984,10,SITTING,STANDING,-0.584742281411422,0.582662265348316
SVM,1987,10,LAYING,STANDING,1.855123998733267,4.841814576689878
SVM,1988,10,LAYING,STANDING,1.6812371625364606,4.298765139970549
SVM,1989,10,LAYING,STANDING,1.4892310210655482,4.745991553360981
SVM,1990,10,LAYING,STANDING,1.3916931460043016,4.445645660576738
SVM,1991,10,LAYING,STANDING,1.329170442008809,4.119504080185981
SVM,1992,10,LAYING,STANDING,1.4265592423507054,3.559515516004514
SVM,1993,10,LAYING,STANDING,1.2454489467975747,3.7028490197361954
SVM,1994,10,LAYING,STANDING,1.1734579918868113,3.6015748561668888
SVM,1995,10,LAYING,STANDING,1.1582733140837962,3.8571464348697386
SVM,1996,10,LAYING,STANDING,1.2822640793969327,4.150436717214471
SVM,1997,10,LAYING,STANDING,2.2317850198792404,4.75185271319033
SVM,1998,10,LAYING,STANDING,1.8384618829232808,4.6107191744794065
SVM,1999,10,LAYING,STANDING,1.5304146381955088,3.88480000323505
SVM,2000,10,LAYING,STANDING,1.46896457088212,4.298747232590884
SVM,2001,10,LAYING,STANDING,1.612008560894104,4.819802584802463
SVM,2002,10,LAYING,STANDING,1.7180138852158584,4.629598336309238
SVM,2003,10,LAYING,STANDING,1.799051157364203,5.075582603299715
SVM,2004,10,LAYING,STANDING,1.4968501036791242,5.200057029547338
SVM,2005,10,LAYING,STANDING,1.4798824842248335,4.883520333423271
SVM,2006,10,LAYING,STANDING,1.4952369497789193,5.078387624162625
SVM,2007,10,LAYING,STANDING,1.520002389519242,5.310367308034788
SVM,2008,10,LAYING,STANDING,1.4512045808563268,5.018421918611281
SVM,2009,10,LAYING,STANDING,1.4694593729815377,4.385975186458075
SVM,2010,10,LAYING,STANDING,1.538303199688937,4.8561103727002335
SVM,2011,10,LAYING,STANDING,1.6845290887128348,4.626984056572542
SVM,2012,10,LAYING,STANDING,1.4514755380811213,4.8612904187964405
SVM,2013,10,LAYING,STANDING,1.4760623771348076,5.076970098813819
SVM,2059,10,WALKING_UPSTAIRS,SITTING,-0.7679111407010504,-0.23463170256973476
SVM,2060,10,WALKING_UPSTAIRS,SITTING,-0.9777911761869293,0.08188184038796598
SVM,2061,10,WALKING_UPSTAIRS,WALKING,-1.2816935973030903,-0.024304291744381423
SVM,2062,10,WALKING_UPSTAIRS,SITTING,-1.1277335008350877,0.26202736902308454
SVM,2063,10,WALKING_UPSTAIRS,SITTING,-0.8458818791335465,0.21222720983792365
SVM,2064,10,WALKING_UPSTAIRS,WALKING,-0.9512532426945697,-0.0558097766654575
SVM,2065,10,WALKING_UPSTAIRS,SITTING,-0.9440597200070151,0.30514959623098004
SVM,2066,10,WALKING_UPSTAIRS,SITTING,-0.380096005131344,-0.11450362802692093
SVM,2067,10,WALKING_UPSTAIRS,SITTING,-0.815830373068546,0.460663399817532
SVM,2068,10,WALKING_UPSTAIRS,SITTING,-0.6759728173141402,0.25853917553076045
SVM,2069,10,WALKING_UPSTAIRS,WALKING,-1.4853569179569135,0.04252680639508788
SVM,2070,10,WALKING_UPSTAIRS,SITTING,-1.5340312105832155,0.18667854560270314
SVM,2071,10,WALKING_UPSTAIRS,WALKING,-1.2796529693685244,-0.004065233429793924
SVM,2072,10,WALKING_UPSTAIRS,WALKING,-1.0501408585810024,-0.10433750430174238
SVM,2073,10,WALKING_UPSTAIRS,SITTING,-0.7088796200348075,-0.21222692007090616
SVM,2075,10,WALKING_UPSTAIRS,SITTING,-1.1609359483618846,-0.32010731123617964
SVM,2076,10,WALKING_UPSTAIRS,WALKING,-0.7275136576536413,-0.03309946234529826
SVM,2077,10,WALKING_UPSTAIRS,WALKING,-0.6438089885423288,0.12978531271537452
SVM,2078,10,WALKING_UPSTAIRS,SITTING,-0.7391546407222769,0.05413331001040733
SVM,2079,10,WALKING_UPSTAIRS,SITTING,-0.8147708050184055,0.24224971173422793
SVM,2080,10,WALKING_UPSTAIRS,WALKING,-1.0166706175226512,-0.37347413364171733
SVM,2081,10,WALKING_UPSTAIRS,SITTING,-0.9632787482698104,-0.2922906491189927
SVM,2198,13,WALKING_DOWNSTAIRS,WALKING,-0.3502542142344739,-0.1579121336592042
SVM,2199,13,WALKING_DOWNSTAIRS,WALKING,-0.5119167779368268,0.2068365686346887
SVM,2213,13,WALKING_DOWNSTAIRS,WALKING,-0.3320945241492814,-0.2969674285392282
SVM,2541,18,WALKING_DOWNSTAIRS,WALKING_UPSTAIRS,-0.3824084041224073,-0.05498519813845437
SVM,2561,18,WALKING_DOWNSTAIRS,WALKING_UPSTAIRS,-0.10240403329711112,-0.08878030835972894
SVM,2579,18,WALKING_DOWNSTAIRS,WALKING_UPSTAIRS,-0.34903529347653706,0.11313372398222676
SVM,2582,18,WALKING_DOWNSTAIRS,WALKING_UPSTAIRS,-0.588919297405518,-0.1843135923989473
SVM,2729,18,WALKING_DOWNSTAIRS,WALKING_UPSTAIRS,-0.7422625689443665,-0.26643949084595286
SVM,2732,18,WALKING_DOWNSTAIRS,WALKING_UPSTAIRS,-0.6790963623077493,-0.26639163853163705
SVM,2734,18,WALKING_DOWNSTAIRS,WALKING_UPSTAIRS,-0.2714452582772152,-0.09526022616051333
MLP,0,16,STANDING,SITTING,,
MLP,6,16,STANDING,SITTING,,
MLP,17,16,STANDING,SITTING,,
MLP,36,16,SITTING,STANDING,,
MLP,67,16,LAYING,SITTING,,
MLP,69,16,LAYING,SITTING,,
MLP,179,16,STANDING,SITTING,,
MLP,180,16,STANDING,SITTING,,
MLP,181,16,STANDING,SITTING,,
MLP,182,16,STANDING,SITTING,,
MLP,183,16,STANDING,SITTING,,
MLP,184,16,STANDING,SITTING,,
MLP,185,16,STANDING,SITTING,,
MLP,186,16,STANDING,SITTING,,
MLP,187,16,STANDING,SITTING,,
MLP,188,16,STANDING,SITTING,,
MLP,189,16,STANDING,SITTING,,
MLP,190,16,STANDING,SITTING,,
MLP,191,16,STANDING,SITTING,,
MLP,192,16,STANDING,SITTING,,
MLP,193,16,STANDING,SITTING,,
MLP,194,16,STANDING,SITTING,,
MLP,195,16,STANDING,SITTING,,
MLP,196,16,STANDING,SITTING,,
MLP,197,16,STANDING,SITTING,,
MLP,198,16,STANDING,SITTING,,
MLP,199,16,STANDING,SITTING,,
MLP,200,16,STANDING,SITTING,,
MLP,201,16,STANDING,SITTING,,
MLP,202,16,STANDING,SITTING,,
MLP,203,16,STANDING,SITTING,,
MLP,204,16,STANDING,SITTING,,
MLP,205,16,STANDING,SITTING,,
MLP,206,16,STANDING,SITTING,,
MLP,207,16,STANDING,SITTING,,
MLP,208,16,STANDING,SITTING,,
MLP,209,16,STANDING,SITTING,,
MLP,210,16,STANDING,SITTING,,
MLP,211,16,STANDING,SITTING,,
MLP,212,16,STANDING,SITTING,,
MLP,213,16,STANDING,SITTING,,
MLP,214,16,STANDING,SITTING,,
MLP,215,16,STANDING,SITTING,,
MLP,216,16,STANDING,SITTING,,
MLP,217,16,STANDING,SITTING,,
MLP,218,16,STANDING,SITTING,,
MLP,219,16,STANDING,SITTING,,
MLP,220,16,STANDING,SITTING,,
MLP,229,16,SITTING,STANDING,,
MLP,230,16,SITTING,STANDING,,
MLP,236,16,SITTING,STANDING,,
MLP,237,16,SITTING,STANDING,,
MLP,238,16,SITTING,STANDING,,
MLP,239,16,SITTING,STANDING,,
MLP,240,16,SITTING,STANDING,,
MLP,242,16,SITTING,STANDING,,
MLP,249,16,SITTING,STANDING,,
MLP,250,16,SITTING,STANDING,,
MLP,254,16,SITTING,STANDING,,
MLP,263,16,LAYING,STANDING,,
MLP,264,16,LAYING,STANDING,,
MLP,271,16,LAYING,STANDING,,
MLP,281,16,LAYING,STANDING,,
MLP,282,16,LAYING,STANDING,,
MLP,283,16,LAYING,STANDING,,
MLP,284,16,LAYING,STANDING,,
MLP,287,16,LAYING,STANDING,,
MLP,290,16,LAYING,STANDING,,
MLP,291,16,LAYING,STANDING,,
MLP,365,16,WALKING_UPSTAIRS,SITTING,,
MLP,385,25,STANDING,SITTING,,
MLP,396,25,STANDING,SITTING,,
MLP,397,25,STANDING,SITTING,,
MLP,439,25,LAYING,STANDING,,
MLP,441,25,LAYING,WALKING_UPSTAIRS,,
MLP,442,25,LAYING,STANDING,,
MLP,507,25,WALKING_DOWNSTAIRS,WALKING_UPSTAIRS,,
MLP,508,25,WALKING_DOWNSTAIRS,WALKING_UPSTAIRS,,
MLP,514,25,WALKING_DOWNSTAIRS,WALKING_UPSTAIRS,,
MLP,515,25,WALKING_DOWNSTAIRS,WALKING_UPSTAIRS,,
MLP,516,25,WALKING_DOWNSTAIRS,WALKING_UPSTAIRS,,
MLP,517,25,WALKING_DOWNSTAIRS,WALKING,,
MLP,518,25,WALKING_DOWNSTAIRS,WALKING_UPSTAIRS,,
MLP,519,25,WALKING_DOWNSTAIRS,WALKING_UPSTAIRS,,
MLP,520,25,WALKING_DOWNSTAIRS,WALKING_UPSTAIRS,,
MLP,521,25,WALKING_DOWNSTAIRS,WALKING_UPSTAIRS,,
MLP,524,25,WALKING_DOWNSTAIRS,WALKING_UPSTAIRS,,
MLP,526,25,WALKING_DOWNSTAIRS,WALKING_UPSTAIRS,,
MLP,528,25,WALKING_DOWNSTAIRS,WALKING,,
MLP,529,25,WALKING_DOWNSTAIRS,WALKING_UPSTAIRS,,
MLP,530,25,WALKING_DOWNSTAIRS,WALKING_UPSTAIRS,,
MLP,532,25,WALKING_DOWNSTAIRS,WALKING_UPSTAIRS,,
MLP,533,25,WALKING_DOWNSTAIRS,WALKING_UPSTAIRS,,
MLP,534,25,WALKING_DOWNSTAIRS,WALKING_UPSTAIRS,,
MLP,535,25,WALKING_DOWNSTAIRS,WALKING_UPSTAIRS,,
MLP,589,25,STANDING,SITTING,,
MLP,623,25,SITTING,STANDING,,
MLP,651,25,LAYING,STANDING,,
MLP,665,25,LAYING,SITTING,,
MLP,668,25,LAYING,SITTING,,
MLP,679,25,WALKING,WALKING_UPSTAIRS,,
MLP,717,25,WALKING_DOWNSTAIRS,WALKING_UPSTAIRS,,
MLP,726,25,WALKING_DOWNSTAIRS,WALKING_UPSTAIRS,,
MLP,727,25,WALKING_DOWNSTAIRS,WALKING_UPSTAIRS,,
MLP,728,25,WALKING_DOWNSTAIRS,WALKING_UPSTAIRS,,
MLP,736,25,WALKING_DOWNSTAIRS,WALKING,,
MLP,739,25,WALKING_DOWNSTAIRS,WALKING_UPSTAIRS,,
MLP,740,25,WALKING_DOWNSTAIRS,WALKING_UPSTAIRS,,
MLP,743,25,WALKING_DOWNSTAIRS,WALKING_UPSTAIRS,,
MLP,838,28,SITTING,STANDING,,
MLP,839,28,SITTING,STANDING,,
MLP,840,28,SITTING,STANDING,,
MLP,841,28,SITTING,STANDING,,
MLP,844,28,SITTING,STANDING,,
MLP,845,28,SITTING,STANDING,,
MLP,848,28,SITTING,STANDING,,
MLP,849,28,SITTING,STANDING,,
MLP,850,28,SITTING,STANDING,,
MLP,851,28,SITTING,STANDING,,
MLP,852,28,SITTING,STANDING,,
MLP,855,28,SITTING,STANDING,,
MLP,856,28,SITTING,STANDING,,
MLP,857,28,SITTING,STANDING,,
MLP,860,28,SITTING,STANDING,,
MLP,861,28,LAYING,STANDING,,
MLP,862,28,LAYING,STANDING,,
MLP,863,28,LAYING,STANDING,,
MLP,864,28,LAYING,STANDING,,
MLP,865,28,LAYING,STANDING,,
MLP,866,28,LAYING,STANDING,,
MLP,869,28,LAYING,STANDING,,
MLP,870,28,LAYING,STANDING,,
MLP,871,28,LAYING,STANDING,,
MLP,872,28,LAYING,STANDING,,
MLP,873,28,LAYING,STANDING,,
MLP,874,28,LAYING,STANDING,,
MLP,875,28,LAYING,STANDING,,
MLP,876,28,LAYING,STANDING,,
MLP,877,28,LAYING,STANDING,,
MLP,878,28,LAYING,STANDING,,
MLP,1026,28,SITTING,STANDING,,
MLP,1027,28,SITTING,STANDING,,
MLP,1028,28,SITTING,STANDING,,
MLP,1029,28,SITTING,STANDING,,
MLP,1030,28,SITTING,STANDING,,
MLP,1032,28,SITTING,STANDING,,
MLP,1034,28,SITTING,STANDING,,
MLP,1035,28,SITTING,STANDING,,
MLP,1036,28,SITTING,STANDING,,
MLP,1037,28,SITTING,STANDING,,
MLP,1038,28,SITTING,STANDING,,
MLP,1039,28,SITTING,STANDING,,
MLP,1040,28,SITTING,STANDING,,
MLP,1041,28,SITTING,STANDING,,
MLP,1042,28,SITTING,STANDING,,
MLP,1043,28,SITTING,STANDING,,
MLP,1044,28,SITTING,STANDING,,
MLP,1045,28,SITTING,STANDING,,
MLP,1046,28,SITTING,STANDING,,
MLP,1047,28,SITTING,STANDING,,
MLP,1057,28,LAYING,STANDING,,
MLP,1061,28,LAYING,STANDING,,
MLP,1062,28,LAYING,STANDING,,
MLP,1093,28,WALKING,WALKING_UPSTAIRS,,
MLP,1159,29,STANDING,SITTING,,
MLP,1160,29,STANDING,SITTING,,
MLP,1161,29,STANDING,SITTING,,
MLP,1166,29,STANDING,SITTING,,
MLP,1167,29,STANDING,SITTING,,
MLP,1168,29,STANDING,SITTING,,
MLP,1169,29,STANDING,SITTING,,
MLP,1170,29,STANDING,SITTING,,
MLP,1173,29,STANDING,SITTING,,
MLP,1175,29,STANDING,SITTING,,
MLP,1177,29,STANDING,SITTING,,
MLP,1178,29,STANDING,SITTING,,
MLP,1179,29,STANDING,SITTING,,
MLP,1184,29,STANDING,SITTING,,
MLP,1185,29,STANDING,SITTING,,
MLP,1345,29,STANDING,SITTING,,
MLP,1502,9,STANDING,SITTING,,
MLP,1503,9,STANDING,SITTING,,
MLP,1504,9,STANDING,SITTING,,
MLP,1510,9,STANDING,SITTING,,
MLP,1513,9,STANDING,SITTING,,
MLP,1514,9,STANDING,SITTING,,
MLP,1517,9,STANDING,SITTING,,
MLP,1522,9,STANDING,SITTING,,
MLP,1638,9,WALKING_UPSTAIRS,WALKING,,
MLP,1639,9,WALKING_UPSTAIRS,WALKING,,
MLP,1642,9,WALKING_UPSTAIRS,WALKING,,
MLP,1643,9,WALKING_UPSTAIRS,WALKING,,
MLP,1645,9,STANDING,SITTING,,
MLP,1646,9,STANDING,SITTING,,
MLP,1647,9,STANDING,SITTING,,
MLP,1653,9,STANDING,SITTING,,
MLP,1654,9,STANDING,SITTING,,
MLP,1655,9,STANDING,SITTING,,
MLP,1656,9,STANDING,SITTING,,
MLP,1657,9,STANDING,SITTING,,
MLP,1658,9,STANDING,SITTING,,
MLP,1659,9,STANDING,SITTING,,
MLP,1660,9,STANDING,SITTING,,
MLP,1661,9,STANDING,SITTING,,
MLP,1662,9,STANDING,SITTING,,
MLP,1663,9,STANDING,SITTING,,
MLP,1664,9,STANDING,SITTING,,
MLP,1665,9,STANDING,SITTING,,
MLP,1666,9,STANDING,SITTING,,
MLP,1673,9,SITTING,WALKING_UPSTAIRS,,
MLP,1674,9,SITTING,LAYING,,
MLP,1675,9,SITTING,STANDING,,
MLP,1676,9,SITTING,STANDING,,
MLP,1677,9,SITTING,STANDING,,
MLP,1678,9,SITTING,STANDING,,
MLP,1679,9,SITTING,STANDING,,
MLP,1696,9,LAYING,STANDING,,
MLP,1697,9,LAYING,STANDING,,
MLP,1702,9,LAYING,STANDING,,
MLP,1703,9,LAYING,STANDING,,
MLP,1707,9,LAYING,STANDING,,
MLP,1708,9,LAYING,STANDING,,
MLP,1709,9,LAYING,STANDING,,
MLP,1710,9,LAYING,STANDING,,
MLP,1711,9,LAYING,STANDING,,
MLP,1714,9,LAYING,STANDING,,
MLP,1718,9,LAYING,STANDING,,
MLP,1766,9,WALKING_UPSTAIRS,WALKING,,
MLP,1914,10,WALKING_UPSTAIRS,WALKING_DOWNSTAIRS,,
MLP,1934,10,WALKING_UPSTAIRS,WALKING,,
MLP,1935,10,WALKING_UPSTAIRS,WALKING,,
MLP,1937,10,STANDING,SITTING,,
MLP,1938,10,STANDING,SITTING,,
MLP,1940,10,STANDING,SITTING,,
MLP,1942,10,STANDING,SITTING,,
MLP,1943,10,STANDING,SITTING,,
MLP,1944,10,STANDING,SITTING,,
MLP,1947,10,STANDING,SITTING,,
MLP,1948,10,STANDING,SITTING,,
MLP,1949,10,STANDING,SITTING,,
MLP,1950,10,STANDING,SITTING,,
MLP,1952,10,STANDING,SITTING,,
MLP,1953,10,STANDING,SITTING,,
MLP,1954,10,STANDING,SITTING,,
MLP,1955,10,STANDING,SITTING,,
MLP,1956,10,STANDING,SITTING,,
MLP,1957,10,SITTING,STANDING,,
MLP,1958,10,SITTING,STANDING,,
MLP,1959,10,SITTING,STANDING,,
MLP,1960,10,SITTING,STANDING,,
MLP,1961,10,SITTING,STANDING,,
MLP,1962,10,SITTING,STANDING,,
MLP,1963,10,SITTING,STANDING,,
MLP,1964,10,SITTING,STANDING,,
MLP,1965,10,SITTING,STANDING,,
MLP,1966,10,SITTING,STANDING,,
MLP,1967,10,SITTING,STANDING,,
MLP,1968,10,SITTING,STANDING,,
MLP,1969,10,SITTING,STANDING,,
MLP,1970,10,SITTING,STANDING,,
MLP,1971,10,SITTING,STANDING,,
MLP,1972,10,SITTING,STANDING,,
MLP,1973,10,SITTING,STANDING,,
MLP,1974,10,SITTING,STANDING,,
MLP,1979,10,SITTING,STANDING,,
MLP,1984,10,SITTING,STANDING,,
MLP,1985,10,SITTING,STANDING,,
MLP,1987,10,LAYING,STANDING,,
MLP,1988,10,LAYING,STANDING,,
MLP,1989,10,LAYING,STANDING,,
MLP,1990,10,LAYING,STANDING,,
MLP,1991,10,LAYING,STANDING,,
MLP,1992,10,LAYING,STANDING,,
MLP,1993,10,LAYING,STANDING,,
MLP,1994,10,LAYING,STANDING,,
MLP,1995,10,LAYING,STANDING,,
MLP,1996,10,LAYING,STANDING,,
MLP,1997,10,LAYING,STANDING,,
MLP,1998,10,LAYING,STANDING,,
MLP,1999,10,LAYING,STANDING,,
MLP,2000,10,LAYING,STANDING,,
MLP,2001,10,LAYING,STANDING,,
MLP,2002,10,LAYING,STANDING,,
MLP,2003,10,LAYING,STANDING,,
MLP,2004,10,LAYING,STANDING,,
MLP,2005,10,LAYING,STANDING,,
MLP,2006,10,LAYING,STANDING,,
MLP,2007,10,LAYING,STANDING,,
MLP,2008,10,LAYING,STANDING,,
MLP,2009,10,LAYING,STANDING,,
MLP,2010,10,LAYING,STANDING,,
MLP,2011,10,LAYING,STANDING,,
MLP,2012,10,LAYING,STANDING,,
MLP,2013,10,LAYING,STANDING,,
MLP,2033,10,WALKING,WALKING_DOWNSTAIRS,,
MLP,2034,10,WALKING,WALKING_DOWNSTAIRS,,
MLP,2061,10,WALKING_UPSTAIRS,WALKING,,
MLP,2062,10,WALKING_UPSTAIRS,WALKING,,
MLP,2063,10,WALKING_UPSTAIRS,WALKING,,
MLP,2064,10,WALKING_UPSTAIRS,WALKING,,
MLP,2065,10,WALKING_UPSTAIRS,WALKING,,
MLP,2069,10,WALKING_UPSTAIRS,WALKING,,
MLP,2071,10,WALKING_UPSTAIRS,WALKING,,
MLP,2072,10,WALKING_UPSTAIRS,WALKING,,
MLP,2073,10,WALKING_UPSTAIRS,WALKING,,
MLP,2077,10,WALKING_UPSTAIRS,WALKING,,
MLP,2080,10,WALKING_UPSTAIRS,WALKING,,
MLP,2081,10,WALKING_UPSTAIRS,WALKING,,
MLP,2198,13,WALKING_DOWNSTAIRS,WALKING,,
MLP,2199,13,WALKING_DOWNSTAIRS,WALKING,,
MLP,2212,13,WALKING_DOWNSTAIRS,WALKING,,
MLP,2213,13,WALKING_DOWNSTAIRS,WALKING,,
MLP,2379,13,WALKING_DOWNSTAIRS,WALKING,,
MLP,2541,18,WALKING_DOWNSTAIRS,WALKING_UPSTAIRS,,
MLP,2542,18,WALKING_DOWNSTAIRS,WALKING_UPSTAIRS,,
MLP,2544,18,WALKING_DOWNSTAIRS,WALKING,,
MLP,2547,18,WALKING_DOWNSTAIRS,WALKING,,
MLP,2548,18,WALKING_DOWNSTAIRS,WALKING_UPSTAIRS,,
MLP,2561,18,WALKING_DOWNSTAIRS,WALKING_UPSTAIRS,,
MLP,2562,18,WALKING_DOWNSTAIRS,WALKING_UPSTAIRS,,
MLP,2563,18,WALKING_DOWNSTAIRS,WALKING,,
MLP,2564,18,WALKING_DOWNSTAIRS,WALKING,,
MLP,2569,18,WALKING_DOWNSTAIRS,WALKING_UPSTAIRS,,
MLP,2579,18,WALKING_DOWNSTAIRS,WALKING_UPSTAIRS,,
MLP,2580,18,WALKING_DOWNSTAIRS,WALKING_UPSTAIRS,,
MLP,2582,18,WALKING_DOWNSTAIRS,STANDING,,
MLP,2583,18,WALKING_DOWNSTAIRS,WALKING_UPSTAIRS,,
MLP,2728,18,WALKING_DOWNSTAIRS,WALKING_UPSTAIRS,,
MLP,2729,18,WALKING_DOWNSTAIRS,WALKING_UPSTAIRS,,
MLP,2730,18,WALKING_DOWNSTAIRS,WALKING_UPSTAIRS,,
MLP,2731,18,WALKING_DOWNSTAIRS,WALKING_UPSTAIRS,,
MLP,2732,18,WALKING_DOWNSTAIRS,WALKING_UPSTAIRS,,
MLP,2733,18,WALKING_DOWNSTAIRS,WALKING_UPSTAIRS,,
MLP,2734,18,WALKING_DOWNSTAIRS,WALKING_UPSTAIRS,,
MLP,2765,18,WALKING_DOWNSTAIRS,WALKING_UPSTAIRS,,
MLP,2770,18,WALKING_DOWNSTAIRS,WALKING_UPSTAIRS,,
MLP,2771,18,WALKING_DOWNSTAIRS,WALKING_UPSTAIRS,,
MLP,2806,24,STANDING,SITTING,,
MLP,2937,24,WALKING_UPSTAIRS,WALKING_DOWNSTAIRS,,
MLP,3154,24,WALKING_UPSTAIRS,WALKING,,
